"","name","degree","betweenness","Abundance","module","z","p","taxa_roles","filed","Kingdom","Phylum","Class","Order","Family","Genus","Species"
"rpoB_OTU_2","rpoB_OTU_2",6,681,8.99190220591901,"M16",0.559016994374947,0.722222222222222,"Connectors","rpoB","Bacteria","Proteobacteria","Alphaproteobacteria","Rhizobiales","Rhizobiaceae","Rhizobium","Rhizobium etli"
"rpoB_OTU_3","rpoB_OTU_3",6,1236,0.312940714233395,"M16",0.559016994374947,0.777777777777778,"Connectors","rpoB","Bacteria","Proteobacteria","Alphaproteobacteria","Rhizobiales","Phyllobacteriaceae","Mesorhizobium","Mesorhizobium amorphae"
"rpoB_OTU_6","rpoB_OTU_6",8,383,2.18020048713051,"M14",0.159300612586705,0.666666666666667,"Connectors","rpoB","Bacteria","Proteobacteria","Alphaproteobacteria","Rhizobiales","Bradyrhizobiaceae","Bradyrhizobium","Bradyrhizobium elkanii"
"rpoB_OTU_10","rpoB_OTU_10",8,1403,1.57730124894219,"M3",0.655005540483832,0.777777777777778,"Connectors","rpoB","Bacteria","Proteobacteria","Alphaproteobacteria","Rhizobiales","Bradyrhizobiaceae","Afipia","Afipia genosp. 2"
"rpoB_OTU_11","rpoB_OTU_11",8,2812,1.62299873726077,"M6",0.0865799964393978,0.58,"Peripheral nodes","rpoB","Bacteria","Proteobacteria","Alphaproteobacteria","Rhizobiales","Bradyrhizobiaceae","Afipia","Afipia genosp. 2"
"rpoB_OTU_13","rpoB_OTU_13",6,0,1.30900393040293,"M19",-0.418330013267038,0.84375,"Connectors","rpoB","Bacteria","Proteobacteria","Alphaproteobacteria","Rhizobiales","Bartonellaceae","Bartonella","Bartonella bacilliformis"
"rpoB_OTU_14","rpoB_OTU_14",4,0,1.43463875818824,"M16",-0.559016994374947,0.65625,"Connectors","rpoB","Bacteria","Proteobacteria","Alphaproteobacteria","Rhizobiales","Brucellaceae","Brucella","Brucella abortus"
"rpoB_OTU_15","rpoB_OTU_15",7,1112,1.20190481661264,"M6",-0.404039983383856,0.777777777777778,"Connectors","rpoB","Bacteria","Proteobacteria","Alphaproteobacteria","Rhizobiales","Brucellaceae","Brucella","Brucella abortus"
"rpoB_OTU_19","rpoB_OTU_19",8,3753,1.19564750933821,"M4",0.563111346773197,0.32,"Peripheral nodes","rpoB","Bacteria","Proteobacteria","Alphaproteobacteria","Rhizobiales","Methylobacteriaceae","Methylobacterium","Methylobacterium extorquens group"
"rpoB_OTU_20","rpoB_OTU_20",10,4479,1.09295972932305,"M14",1.19475459440029,0.68,"Connectors","rpoB","Bacteria","Proteobacteria","Alphaproteobacteria","Rhizobiales","Bradyrhizobiaceae","Bradyrhizobium","Bradyrhizobium elkanii"
"rpoB_OTU_21","rpoB_OTU_21",6,1529,1.06430276639958,"M19",-0.418330013267038,0,"Peripheral nodes","rpoB","Bacteria","Proteobacteria","Alphaproteobacteria","Rhizobiales","Bradyrhizobiaceae","Bradyrhizobium","Bradyrhizobium elkanii"
"rpoB_OTU_23","rpoB_OTU_23",6,444,1.05745194115731,"M6",-0.89465996320711,0.727272727272727,"Connectors","rpoB","Bacteria","Proteobacteria","Alphaproteobacteria","Rhizobiales","Bradyrhizobiaceae","Bradyrhizobium","Bradyrhizobium elkanii"
"rpoB_OTU_29","rpoB_OTU_29",10,1319,0.832342976767637,"M4",1.75190196773884,0.625,"Connectors","rpoB","Bacteria","Proteobacteria","Alphaproteobacteria","Rhizobiales","Bradyrhizobiaceae","Bradyrhizobium","Bradyrhizobium elkanii"
"rpoB_OTU_34","rpoB_OTU_34",6,465,0.706403614725737,"M13",0.92980214008381,0.777777777777778,"Connectors","rpoB","Bacteria","Proteobacteria","Alphaproteobacteria","Rhizobiales","Rhizobiaceae","Rhizobium","Rhizobium etli"
"rpoB_OTU_35","rpoB_OTU_35",5,161,0.67401431457342,"M4",-1.22007458467526,0.78125,"Connectors","rpoB","Bacteria","Proteobacteria","Alphaproteobacteria","Rhizobiales","Bradyrhizobiaceae","Bradyrhizobium","Bradyrhizobium elkanii"
"rpoB_OTU_38","rpoB_OTU_38",10,1988,0.583409186650356,"M6",1.06781995608591,0.693877551020408,"Connectors","rpoB","Bacteria","Proteobacteria","Alphaproteobacteria","Rhizobiales","Bartonellaceae","Bartonella","Bartonella bacilliformis"
"rpoB_OTU_42","rpoB_OTU_42",8,0,0.700685547636888,"M6",0.0865799964393978,0.8,"Connectors","rpoB","Bacteria","Proteobacteria","Alphaproteobacteria","Rhizobiales","Bradyrhizobiaceae","Afipia","Afipia genosp. 2"
"rpoB_OTU_43","rpoB_OTU_43",6,3036,0.654448059348334,"M2",0.988663009045319,0.448979591836735,"Peripheral nodes","rpoB","Bacteria","Proteobacteria","Alphaproteobacteria","Rhizobiales","Phyllobacteriaceae","Mesorhizobium","Mesorhizobium loti"
"rpoB_OTU_49","rpoB_OTU_49",8,1615,0.666883000230103,"M4",0.563111346773197,0.625,"Connectors","rpoB","Bacteria","Proteobacteria","Alphaproteobacteria","Rhizobiales","Bradyrhizobiaceae","Bradyrhizobium","Bradyrhizobium elkanii"
"rpoB_OTU_50","rpoB_OTU_50",6,1187,0.563895454333643,"M14",-0.87615336922688,0.722222222222222,"Connectors","rpoB","Bacteria","Proteobacteria","Alphaproteobacteria","Rhizobiales","Bradyrhizobiaceae","Bradyrhizobium","Bradyrhizobium elkanii"
"rpoB_OTU_65","rpoB_OTU_65",11,5154,0.455777505556955,"M6",1.55843993590916,0.839506172839506,"Connectors","rpoB","Bacteria","Proteobacteria","Alphaproteobacteria","Rhizobiales","Bradyrhizobiaceae","Bradyrhizobium","Bradyrhizobium oligotrophicum"
"rpoB_OTU_70","rpoB_OTU_70",8,2511,0.450948325780785,"M6",0.0865799964393978,0.277777777777778,"Peripheral nodes","rpoB","Bacteria","Proteobacteria","Alphaproteobacteria","Rhizobiales","Bradyrhizobiaceae","Bradyrhizobium","Bradyrhizobium japonicum"
"rpoB_OTU_71","rpoB_OTU_71",7,3448,0.451909100936218,"M14",-0.358426378320087,0.72,"Connectors","rpoB","Bacteria","Proteobacteria","Alphaproteobacteria","Rhizobiales","Methylocystaceae","Methylocystis","Methylocystis rosea"
"rpoB_OTU_73","rpoB_OTU_73",4,881,0.875942918244246,"M7",0.247972167951227,0.444444444444444,"Peripheral nodes","rpoB","Bacteria","Proteobacteria","Alphaproteobacteria","Rhizobiales","Rhizobiaceae","Rhizobium","Rhizobium leguminosarum"
"rpoB_OTU_83","rpoB_OTU_83",6,325,0.379417328818993,"M4",-0.625679274192441,0.641975308641975,"Connectors","rpoB","Bacteria","Proteobacteria","Alphaproteobacteria","Rhizobiales","Bradyrhizobiaceae","Bradyrhizobium","Bradyrhizobium elkanii"
"rpoB_OTU_85","rpoB_OTU_85",6,1112,0.370024344596818,"M15",0.240123702252396,0,"Peripheral nodes","rpoB","Bacteria","Proteobacteria","Alphaproteobacteria","Rhizobiales","Rhizobiaceae","Sinorhizobium","Sinorhizobium meliloti"
"rpoB_OTU_89","rpoB_OTU_89",5,195,0.263324063121617,"M14",-1.39388036013367,0.72,"Connectors","rpoB","Bacteria","Proteobacteria","Alphaproteobacteria","Rhizobiales","Bradyrhizobiaceae","Bradyrhizobium","Bradyrhizobium elkanii"
"rpoB_OTU_93","rpoB_OTU_93",8,244,0.372713013991387,"M10",1.06497756558055,0.444444444444444,"Peripheral nodes","rpoB","Bacteria","Proteobacteria","Alphaproteobacteria","Rhizobiales","Bradyrhizobiaceae","Afipia","Afipia genosp. 2"
"rpoB_OTU_94","rpoB_OTU_94",7,2077,0.420148707697583,"M7",2.05462653445302,0.64,"Connectors","rpoB","Bacteria","Proteobacteria","Alphaproteobacteria","Rhizobiales","Bradyrhizobiaceae","Bradyrhizobium","Bradyrhizobium japonicum"
"rpoB_OTU_96","rpoB_OTU_96",7,1297,0.351563124517032,"M18",1.24721912892465,0.444444444444444,"Peripheral nodes","rpoB","Bacteria","Proteobacteria","Alphaproteobacteria","Rhizobiales","Bradyrhizobiaceae","Bradyrhizobium","Bradyrhizobium elkanii"
"rpoB_OTU_98","rpoB_OTU_98",8,673,0.367945240207308,"M8",2.05582937673084,0.48,"Peripheral nodes","rpoB","Bacteria","Proteobacteria","Alphaproteobacteria","Rhizobiales","Bradyrhizobiaceae","Afipia","Afipia broomeae"
"rpoB_OTU_102","rpoB_OTU_102",8,0,0.376577967785083,"M4",0.563111346773197,0.777777777777778,"Connectors","rpoB","Bacteria","Proteobacteria","Alphaproteobacteria","Rhizobiales","Bradyrhizobiaceae","Bradyrhizobium","Bradyrhizobium japonicum"
"rpoB_OTU_107","rpoB_OTU_107",7,6112,0.332584116695276,"M10",0.399366587092706,0.5,"Peripheral nodes","rpoB","Bacteria","Proteobacteria","Alphaproteobacteria","Rhizobiales","Bradyrhizobiaceae","Bradyrhizobium","Bradyrhizobium elkanii"
"rpoB_OTU_108","rpoB_OTU_108",7,9230,0.352953988740181,"M6",-0.404039983383856,0.693877551020408,"Connectors","rpoB","Bacteria","Proteobacteria","Alphaproteobacteria","Rhizobiales","Bradyrhizobiaceae","Afipia","Afipia genosp. 2"
"rpoB_OTU_110","rpoB_OTU_110",3,0,0.303718314741044,"M12",-1.06414481213069,0.72,"Connectors","rpoB","Bacteria","Proteobacteria","Alphaproteobacteria","Rhizobiales","Xanthobacteraceae","Starkeya","Starkeya novella"
"rpoB_OTU_112","rpoB_OTU_112",7,4841,0.356117517224651,"M8",1.45776992168187,0.72,"Connectors","rpoB","Bacteria","Proteobacteria","Alphaproteobacteria","Rhizobiales","Bradyrhizobiaceae","Bradyrhizobium","Bradyrhizobium elkanii"
"rpoB_OTU_116","rpoB_OTU_116",6,178,0.223531177077151,"M5",0.417105032560307,0.375,"Peripheral nodes","rpoB","Bacteria","Proteobacteria","Alphaproteobacteria","Rhizobiales","Bradyrhizobiaceae","Afipia","Afipia genosp. 2"
"rpoB_OTU_120","rpoB_OTU_120",11,2010,0.271902401233135,"M6",1.55843993590916,0.6875,"Connectors","rpoB","Bacteria","Proteobacteria","Alphaproteobacteria","Rhizobiales","Bradyrhizobiaceae","Bradyrhizobium","Bradyrhizobium japonicum"
"rpoB_OTU_124","rpoB_OTU_124",4,336,0.245804628435089,"M12",-0.319243443639208,0,"Peripheral nodes","rpoB","Bacteria","Proteobacteria","Alphaproteobacteria","Rhizobiales","Bradyrhizobiaceae","Afipia","Afipia broomeae"
"rpoB_OTU_125","rpoB_OTU_125",6,951,0.29196382184508,"M4",-0.625679274192441,0.448979591836735,"Peripheral nodes","rpoB","Bacteria","Proteobacteria","Alphaproteobacteria","Rhizobiales","Bradyrhizobiaceae","Bradyrhizobium","Bradyrhizobium elkanii"
"rpoB_OTU_130","rpoB_OTU_130",2,0,0.284259754960479,"M17",-1.26491106406735,0,"Peripheral nodes","rpoB","Bacteria","Proteobacteria","Alphaproteobacteria","Rhizobiales","Phyllobacteriaceae","Mesorhizobium","Mesorhizobium amorphae"
"rpoB_OTU_131","rpoB_OTU_131",4,0,0.250046623255069,"M16",-0.559016994374947,0.78125,"Connectors","rpoB","Bacteria","Proteobacteria","Alphaproteobacteria","Rhizobiales","Aurantimonadaceae","Fulvimarina","Fulvimarina pelagi"
"rpoB_OTU_134","rpoB_OTU_134",7,891,0.305025824260087,"M14",-0.358426378320087,0,"Peripheral nodes","rpoB","Bacteria","Proteobacteria","Alphaproteobacteria","Rhizobiales","Methylocystaceae","Methylocystis","Methylocystis rosea"
"rpoB_OTU_137","rpoB_OTU_137",8,1941,0.275396191312266,"M4",0.563111346773197,0.722222222222222,"Connectors","rpoB","Bacteria","Proteobacteria","Alphaproteobacteria","Rhizobiales","Methylobacteriaceae","Methylobacterium","Methylobacterium extorquens group"
"rpoB_OTU_138","rpoB_OTU_138",10,4049,0.265888132033912,"M14",1.19475459440029,0.777777777777778,"Connectors","rpoB","Bacteria","Proteobacteria","Alphaproteobacteria","Rhizobiales","Bradyrhizobiaceae","Bradyrhizobium","Bradyrhizobium elkanii"
"rpoB_OTU_139","rpoB_OTU_139",6,108,0.276449386358795,"M14",-0.87615336922688,0.5625,"Peripheral nodes","rpoB","Bacteria","Proteobacteria","Alphaproteobacteria","Rhizobiales","Bradyrhizobiaceae","Bradyrhizobium","Bradyrhizobium japonicum"
"rpoB_OTU_149","rpoB_OTU_149",11,6969,0.264380017256065,"M14",1.71248158530708,0.666666666666667,"Connectors","rpoB","Bacteria","Proteobacteria","Alphaproteobacteria","Rhizobiales","Bradyrhizobiaceae","Nitrobacter","Nitrobacter hamburgensis"
"rpoB_OTU_157","rpoB_OTU_157",7,1081,0.235215638633264,"M13",1.65298158237122,0.875,"Connectors","rpoB","Bacteria","Proteobacteria","Alphaproteobacteria","Rhizobiales","Bartonellaceae","Bartonella","Bartonella sp. Koshimizu 6-1"
"rpoB_OTU_158","rpoB_OTU_158",5,864,0.256791842280081,"M4",-1.22007458467526,0.64,"Connectors","rpoB","Bacteria","Proteobacteria","Alphaproteobacteria","Rhizobiales","Bradyrhizobiaceae","Nitrobacter","Nitrobacter hamburgensis"
"rpoB_OTU_160","rpoB_OTU_160",9,7107,0.246542426888289,"M10",1.73058854406839,0.444444444444444,"Peripheral nodes","rpoB","Bacteria","Proteobacteria","Alphaproteobacteria","Rhizobiales","Bradyrhizobiaceae","Afipia","Afipia genosp. 2"
"rpoB_OTU_163","rpoB_OTU_163",6,0,0.22858318327784,"M4",-0.625679274192441,0.693877551020408,"Connectors","rpoB","Bacteria","Proteobacteria","Alphaproteobacteria","Rhizobiales","Methylobacteriaceae","Methylobacterium","Methylobacterium extorquens group"
"rpoB_OTU_164","rpoB_OTU_164",7,270,0.23405035691365,"M10",0.399366587092706,0.816326530612245,"Connectors","rpoB","Bacteria","Proteobacteria","Alphaproteobacteria","Rhizobiales","Bradyrhizobiaceae","Bradyrhizobium","Bradyrhizobium japonicum"
"rpoB_OTU_165","rpoB_OTU_165",8,1761,0.243129286081411,"M4",0.563111346773197,0,"Peripheral nodes","rpoB","Bacteria","Proteobacteria","Alphaproteobacteria","Rhizobiales","Methylocystaceae","Methylocystis","Methylocystis rosea"
"rpoB_OTU_166","rpoB_OTU_166",4,216,0.223783654377041,"M16",-0.559016994374947,0.78125,"Connectors","rpoB","Bacteria","Proteobacteria","Alphaproteobacteria","Rhizobiales","Bradyrhizobiaceae","Afipia","Afipia genosp. 2"
"rpoB_OTU_168","rpoB_OTU_168",8,6669,0.209013331559341,"M14",0.159300612586705,0.826446280991736,"Connectors","rpoB","Bacteria","Proteobacteria","Alphaproteobacteria","Rhizobiales","Bradyrhizobiaceae","Bradyrhizobium","Bradyrhizobium japonicum"
"rpoB_OTU_169","rpoB_OTU_169",3,55,0.209346868157241,"M10",-2.26307732685867,0.5,"Peripheral nodes","rpoB","Bacteria","Proteobacteria","Alphaproteobacteria","Rhizobiales","Brucellaceae","Brucella","Brucella abortus"
"rpoB_OTU_172","rpoB_OTU_172",5,650,0.180412230494598,"M17",0.316227766016838,0.375,"Peripheral nodes","rpoB","Bacteria","Proteobacteria","Alphaproteobacteria","Rhizobiales","Bradyrhizobiaceae","Bradyrhizobium","Bradyrhizobium oligotrophicum"
"rpoB_OTU_173","rpoB_OTU_173",5,749,0.213165663342081,"M4",-1.22007458467526,0.32,"Peripheral nodes","rpoB","Bacteria","Proteobacteria","Alphaproteobacteria","Rhizobiales","Bartonellaceae","Bartonella","Bartonella bacilliformis"
"rpoB_OTU_174","rpoB_OTU_174",9,3877,0.206137724633568,"M6",0.577199976262652,0.375,"Peripheral nodes","rpoB","Bacteria","Proteobacteria","Alphaproteobacteria","Rhizobiales","Bradyrhizobiaceae","Bradyrhizobium","Bradyrhizobium japonicum"
"rpoB_OTU_175","rpoB_OTU_175",7,27,0.216390862762018,"M19",0.418330013267038,0.56,"Peripheral nodes","rpoB","Bacteria","Proteobacteria","Alphaproteobacteria","Rhizobiales","Bradyrhizobiaceae","Bradyrhizobium","Bradyrhizobium japonicum"
"rpoB_OTU_176","rpoB_OTU_176",5,171,0.184638422825625,"M3",-0.74857776055295,0.777777777777778,"Connectors","rpoB","Bacteria","Proteobacteria","Alphaproteobacteria","Rhizobiales","Bradyrhizobiaceae","Bradyrhizobium","Bradyrhizobium elkanii"
"rpoB_OTU_178","rpoB_OTU_178",8,1555,0.21420886906397,"M6",0.0865799964393978,0.8125,"Connectors","rpoB","Bacteria","Proteobacteria","Alphaproteobacteria","Rhizobiales","Bradyrhizobiaceae","Bradyrhizobium","Bradyrhizobium japonicum"
"rpoB_OTU_183","rpoB_OTU_183",2,0,0.300615186418408,"M7",-0.956464076383303,0.625,"Connectors","rpoB","Bacteria","Proteobacteria","Alphaproteobacteria","Rhizobiales","Phyllobacteriaceae","Nitratireductor","Nitratireductor aquibiodomus"
"rpoB_OTU_186","rpoB_OTU_186",5,581,0.152331626454803,"M5",-0.119172866445802,0,"Peripheral nodes","rpoB","Bacteria","Proteobacteria","Alphaproteobacteria","Rhizobiales","Bradyrhizobiaceae","Afipia","Afipia genosp. 2"
"rpoB_OTU_187","rpoB_OTU_187",5,453,0.193270031780743,"M14",-1.39388036013367,0.5625,"Peripheral nodes","rpoB","Bacteria","Proteobacteria","Alphaproteobacteria","Rhizobiales","Bradyrhizobiaceae","Bradyrhizobium","Bradyrhizobium elkanii"
"rpoB_OTU_188","rpoB_OTU_188",9,4247,0.167889926453662,"M5",2.02593872957863,0,"Peripheral nodes","rpoB","Bacteria","Proteobacteria","Alphaproteobacteria","Rhizobiales","Bradyrhizobiaceae","Bradyrhizobium","Bradyrhizobium elkanii"
"rpoB_OTU_190","rpoB_OTU_190",9,2180,0.190757409933911,"M21",1.53420412195473,0,"Peripheral nodes","rpoB","Bacteria","Proteobacteria","Alphaproteobacteria","Rhizobiales","Bradyrhizobiaceae","Afipia","Afipia genosp. 2"
"rpoB_OTU_191","rpoB_OTU_191",6,4609,0.1944357108934,"M6",-0.89465996320711,0.666666666666667,"Connectors","rpoB","Bacteria","Proteobacteria","Alphaproteobacteria","Rhizobiales","Bradyrhizobiaceae","Bradyrhizobium","Bradyrhizobium japonicum"
"rpoB_OTU_198","rpoB_OTU_198",10,169,0.188499491814653,"M6",1.06781995608591,0.32,"Peripheral nodes","rpoB","Bacteria","Proteobacteria","Alphaproteobacteria","Rhizobiales","Methylobacteriaceae","Methylobacterium","Methylobacterium extorquens group"
"rpoB_OTU_200","rpoB_OTU_200",5,0,0.174438648554284,"M10",-0.931855369882981,0.722222222222222,"Connectors","rpoB","Bacteria","Proteobacteria","Alphaproteobacteria","Rhizobiales","Brucellaceae","Brucella","Brucella abortus"
"rpoB_OTU_202","rpoB_OTU_202",4,1358,0.174863057484098,"M12",-0.319243443639208,0.777777777777778,"Connectors","rpoB","Bacteria","Proteobacteria","Alphaproteobacteria","Rhizobiales","Bartonellaceae","Bartonella","Bartonella schoenbuchensis"
"rpoB_OTU_203","rpoB_OTU_203",8,7605,0.160468413485298,"M16",1.67705098312484,0.666666666666667,"Connectors","rpoB","Bacteria","Proteobacteria","Alphaproteobacteria","Rhizobiales","Rhizobiaceae","Rhizobium","Rhizobium etli"
"rpoB_OTU_213","rpoB_OTU_213",4,185,0.139099098776145,"M20",-0.585142123204121,0.5,"Peripheral nodes","rpoB","Bacteria","Proteobacteria","Alphaproteobacteria","Rhizobiales","Bradyrhizobiaceae","Bradyrhizobium","Bradyrhizobium elkanii"
"rpoB_OTU_216","rpoB_OTU_216",9,700,0.176492075832152,"M4",1.15750665725602,0.722222222222222,"Connectors","rpoB","Bacteria","Proteobacteria","Alphaproteobacteria","Rhizobiales","Bradyrhizobiaceae","Bradyrhizobium","Bradyrhizobium japonicum"
"rpoB_OTU_219","rpoB_OTU_219",6,882,0.156475788695458,"M15",0.240123702252396,0.666666666666667,"Connectors","rpoB","Bacteria","Proteobacteria","Alphaproteobacteria","Rhizobiales","Bradyrhizobiaceae","Bradyrhizobium","Bradyrhizobium elkanii"
"rpoB_OTU_223","rpoB_OTU_223",7,2410,0.167839299568451,"M6",-0.404039983383856,0.64,"Connectors","rpoB","Bacteria","Proteobacteria","Alphaproteobacteria","Rhizobiales","Chelatococcaceae","Chelatococcus","Chelatococcus sp. GW1"
"rpoB_OTU_224","rpoB_OTU_224",6,279,0.161594149105377,"M10",-0.266244391395138,0.46875,"Peripheral nodes","rpoB","Bacteria","Proteobacteria","Alphaproteobacteria","Rhizobiales","Bradyrhizobiaceae","Afipia","Afipia broomeae"
"rpoB_OTU_225","rpoB_OTU_225",5,273,0.176218207237759,"M4",-1.22007458467526,0.625,"Connectors","rpoB","Bacteria","Proteobacteria","Alphaproteobacteria","Rhizobiales","Bartonellaceae","Bartonella","Bartonella bacilliformis"
"rpoB_OTU_232","rpoB_OTU_232",7,0,0.180283717094958,"M10",0.399366587092706,0.5,"Peripheral nodes","rpoB","Bacteria","Proteobacteria","Alphaproteobacteria","Rhizobiales","Bradyrhizobiaceae","Afipia","Afipia broomeae"
"rpoB_OTU_235","rpoB_OTU_235",3,0,0.110615293465704,"M5",-1.19172866445802,0.625,"Connectors","rpoB","Bacteria","Proteobacteria","Alphaproteobacteria","Rhizobiales","Bradyrhizobiaceae","Afipia","Afipia genosp. 2"
"rpoB_OTU_237","rpoB_OTU_237",5,2,0.189789497096503,"M11",0.308902347477144,0.448979591836735,"Peripheral nodes","rpoB","Bacteria","Proteobacteria","Alphaproteobacteria","Rhizobiales","Bradyrhizobiaceae","Afipia","Afipia genosp. 2"
"rpoB_OTU_241","rpoB_OTU_241",6,536,0.14518114192837,"M9",1.49050201077739,0.444444444444444,"Peripheral nodes","rpoB","Bacteria","Proteobacteria","Alphaproteobacteria","Rhizobiales","Rhizobiaceae","Sinorhizobium","Sinorhizobium medicae"
"rpoB_OTU_245","rpoB_OTU_245",4,1472,0.231087759858872,"M7",0.247972167951227,0.722222222222222,"Connectors","rpoB","Bacteria","Proteobacteria","Alphaproteobacteria","Rhizobiales","Phyllobacteriaceae","Mesorhizobium","Mesorhizobium amorphae"
"rpoB_OTU_246","rpoB_OTU_246",4,760,0.128120584251586,"M17",-0.210818510677892,0.5,"Peripheral nodes","rpoB","Bacteria","Proteobacteria","Alphaproteobacteria","Rhizobiales","Brucellaceae","Brucella","Brucella abortus"
"rpoB_OTU_251","rpoB_OTU_251",3,4,0.170139325250998,"M13",-1.23973618677841,0.666666666666667,"Connectors","rpoB","Bacteria","Proteobacteria","Alphaproteobacteria","Rhizobiales","Bradyrhizobiaceae","Bradyrhizobium","Bradyrhizobium japonicum"
"rpoB_OTU_255","rpoB_OTU_255",7,542,0.154518140846712,"M21",0.625046123759334,0,"Peripheral nodes","rpoB","Bacteria","Proteobacteria","Alphaproteobacteria","Rhizobiales","Bradyrhizobiaceae","Bradyrhizobium","Bradyrhizobium elkanii"
"rpoB_OTU_256","rpoB_OTU_256",8,1567,0.146540908969642,"M3",0.655005540483832,0.8,"Connectors","rpoB","Bacteria","Proteobacteria","Alphaproteobacteria","Rhizobiales","Rhizobiaceae","Sinorhizobium","Sinorhizobium fredii"
"rpoB_OTU_257","rpoB_OTU_257",6,915,0.159707516893937,"M5",0.417105032560307,0.448979591836735,"Peripheral nodes","rpoB","Bacteria","Proteobacteria","Alphaproteobacteria","Rhizobiales","Bradyrhizobiaceae","Afipia","Afipia genosp. 2"
"rpoB_OTU_260","rpoB_OTU_260",6,60,0.142322906093079,"M5",0.417105032560307,0,"Peripheral nodes","rpoB","Bacteria","Proteobacteria","Alphaproteobacteria","Rhizobiales","Bradyrhizobiaceae","Bradyrhizobium","Bradyrhizobium oligotrophicum"
"rpoB_OTU_261","rpoB_OTU_261",8,3185,0.162927962211785,"M2",2.34807464648263,0.56,"Peripheral nodes","rpoB","Bacteria","Proteobacteria","Alphaproteobacteria","Rhizobiales","Bradyrhizobiaceae","Afipia","Afipia broomeae"
"rpoB_OTU_265","rpoB_OTU_265",6,1475,0.149104949600115,"M17",0.843274042711568,0.611111111111111,"Peripheral nodes","rpoB","Bacteria","Proteobacteria","Alphaproteobacteria","Rhizobiales","Bartonellaceae","Bartonella","Bartonella bacilliformis"
"rpoB_OTU_279","rpoB_OTU_279",8,3411,0.121305447272355,"M6",0.0865799964393978,0.765432098765432,"Connectors","rpoB","Bacteria","Proteobacteria","Alphaproteobacteria","Rhizobiales","Bradyrhizobiaceae","Bradyrhizobium","Bradyrhizobium japonicum"
"rpoB_OTU_281","rpoB_OTU_281",7,3921,0.159680942746793,"M4",-0.0312839637096219,0.625,"Connectors","rpoB","Bacteria","Proteobacteria","Alphaproteobacteria","Rhizobiales","Bradyrhizobiaceae","Afipia","Afipia genosp. 2"
"rpoB_OTU_283","rpoB_OTU_283",5,628,0.134081382795523,"M13",0.206622697796402,0.65625,"Connectors","rpoB","Bacteria","Proteobacteria","Alphaproteobacteria","Rhizobiales","Bradyrhizobiaceae","Bradyrhizobium","Bradyrhizobium japonicum"
"rpoB_OTU_284","rpoB_OTU_284",10,3594,0.158186759209521,"M4",1.75190196773884,0.444444444444444,"Peripheral nodes","rpoB","Bacteria","Proteobacteria","Alphaproteobacteria","Rhizobiales","Methylocystaceae","Methylocystis","Methylocystis rosea"
"rpoB_OTU_286","rpoB_OTU_286",6,656,0.148515760623483,"M6",-0.89465996320711,0.653061224489796,"Connectors","rpoB","Bacteria","Proteobacteria","Alphaproteobacteria","Rhizobiales","Chelatococcaceae","Chelatococcus","Chelatococcus sp. GW1"
"rpoB_OTU_289","rpoB_OTU_289",6,275,0.136715704541385,"M10",-0.266244391395138,0,"Peripheral nodes","rpoB","Bacteria","Proteobacteria","Alphaproteobacteria","Rhizobiales","Brucellaceae","Brucella","Brucella abortus"
"rpoB_OTU_290","rpoB_OTU_290",9,1988,0.133173989712124,"M19",2.09165006633519,0.72,"Connectors","rpoB","Bacteria","Proteobacteria","Alphaproteobacteria","Rhizobiales","Bradyrhizobiaceae","Bradyrhizobium","Bradyrhizobium japonicum"
"rpoB_OTU_296","rpoB_OTU_296",8,1776,0.103808060002471,"M10",1.06497756558055,0.5,"Peripheral nodes","rpoB","Bacteria","Proteobacteria","Alphaproteobacteria","Rhizobiales","Bradyrhizobiaceae","Bradyrhizobium","Bradyrhizobium elkanii"
"rpoB_OTU_298","rpoB_OTU_298",5,0,0.121018660557983,"M4",-1.22007458467526,0.857142857142857,"Connectors","rpoB","Bacteria","Proteobacteria","Alphaproteobacteria","Rhizobiales","Phyllobacteriaceae","Mesorhizobium","Mesorhizobium amorphae"
"rpoB_OTU_299","rpoB_OTU_299",5,560,0.107897399626686,"M3",-0.74857776055295,0.75,"Connectors","rpoB","Bacteria","Proteobacteria","Alphaproteobacteria","Rhizobiales","Bradyrhizobiaceae","Bradyrhizobium","Bradyrhizobium japonicum"
"rpoB_OTU_306","rpoB_OTU_306",7,1833,0.141343662782916,"M12",1.91546066183525,0.5,"Peripheral nodes","rpoB","Bacteria","Proteobacteria","Alphaproteobacteria","Rhizobiales","Bradyrhizobiaceae","Bradyrhizobium","Bradyrhizobium elkanii"
"rpoB_OTU_307","rpoB_OTU_307",7,784,0.138670225633664,"M4",-0.0312839637096219,0.40625,"Peripheral nodes","rpoB","Bacteria","Proteobacteria","Alphaproteobacteria","Rhizobiales","Bradyrhizobiaceae","Afipia","Afipia genosp. 2"
"rpoB_OTU_309","rpoB_OTU_309",5,3011,0.134855387626591,"M10",-0.931855369882981,0,"Peripheral nodes","rpoB","Bacteria","Proteobacteria","Alphaproteobacteria","Rhizobiales","Bradyrhizobiaceae","Bradyrhizobium","Bradyrhizobium japonicum"
"rpoB_OTU_310","rpoB_OTU_310",8,2015,0.128666380807815,"M4",0.563111346773197,0.722222222222222,"Connectors","rpoB","Bacteria","Proteobacteria","Alphaproteobacteria","Rhizobiales","Bradyrhizobiaceae","Afipia","Afipia genosp. 2"
"rpoB_OTU_313","rpoB_OTU_313",7,1729,0.150384555115433,"M21",0.625046123759334,0.56,"Peripheral nodes","rpoB","Bacteria","Proteobacteria","Alphaproteobacteria","Rhizobiales","Phyllobacteriaceae","Nitratireductor","Nitratireductor aquibiodomus"
"rpoB_OTU_314","rpoB_OTU_314",6,310,0.127287372040137,"M10",-0.266244391395138,0.5,"Peripheral nodes","rpoB","Bacteria","Proteobacteria","Alphaproteobacteria","Rhizobiales","Bradyrhizobiaceae","Afipia","Afipia broomeae"
"rpoB_OTU_325","rpoB_OTU_325",7,218,0.121033390928443,"M10",0.399366587092706,0,"Peripheral nodes","rpoB","Bacteria","Proteobacteria","Alphaproteobacteria","Rhizobiales","Bradyrhizobiaceae","Bradyrhizobium","Bradyrhizobium oligotrophicum"
"rpoB_OTU_329","rpoB_OTU_329",7,1616,0.126890632603637,"M19",0.418330013267038,0.592592592592593,"Peripheral nodes","rpoB","Bacteria","Proteobacteria","Alphaproteobacteria","Rhizobiales","Bartonellaceae","Bartonella","Bartonella sp. Koshimizu 6-1"
"rpoB_OTU_331","rpoB_OTU_331",8,1080,0.124050088889504,"M14",0.159300612586705,0.693877551020408,"Connectors","rpoB","Bacteria","Proteobacteria","Alphaproteobacteria","Rhizobiales","Bradyrhizobiaceae","Afipia","Afipia genosp. 2"
"rpoB_OTU_358","rpoB_OTU_358",4,589,0.174574473696199,"M7",0.247972167951227,0.8125,"Connectors","rpoB","Bacteria","Proteobacteria","Alphaproteobacteria","Rhizobiales","Phyllobacteriaceae","Nitratireductor","Nitratireductor aquibiodomus"
"rpoB_OTU_359","rpoB_OTU_359",3,1948,0.111082805734757,"M6",-2.36651990267687,0.72,"Connectors","rpoB","Bacteria","Proteobacteria","Alphaproteobacteria","Rhizobiales","Chelatococcaceae","Chelatococcus","Chelatococcus sp. GW1"
"rpoB_OTU_364","rpoB_OTU_364",3,0,0.11768280812114,"M16",-1.11803398874989,0.375,"Peripheral nodes","rpoB","Bacteria","Proteobacteria","Alphaproteobacteria","Rhizobiales","Bradyrhizobiaceae","Rhodopseudomonas","Rhodopseudomonas palustris"
"rpoB_OTU_365","rpoB_OTU_365",2,8,0.113462954182487,"M7",-0.956464076383303,0,"Peripheral nodes","rpoB","Bacteria","Proteobacteria","Alphaproteobacteria","Rhizobiales","Rhizobiaceae","Sinorhizobium","Sinorhizobium meliloti"
"rpoB_OTU_370","rpoB_OTU_370",4,470,0.139055193108062,"M7",0.247972167951227,0.775510204081633,"Connectors","rpoB","Bacteria","Proteobacteria","Alphaproteobacteria","Rhizobiales","Phyllobacteriaceae","Mesorhizobium","Mesorhizobium loti"
"rpoB_OTU_371","rpoB_OTU_371",6,230,0.107049707989104,"M1",0.831534351362521,0.5,"Peripheral nodes","rpoB","Bacteria","Proteobacteria","Alphaproteobacteria","Rhizobiales","Phyllobacteriaceae","Chelativorans","Chelativorans sp. BNC1"
"rpoB_OTU_386","rpoB_OTU_386",5,2044,0.103463447634522,"M8",0.261651011583925,0.56,"Peripheral nodes","rpoB","Bacteria","Proteobacteria","Alphaproteobacteria","Rhizobiales","Brucellaceae","Brucella","Brucella melitensis"
"rpoB_OTU_401","rpoB_OTU_401",5,254,0.125223098866987,"M12",0.425657924852277,0,"Peripheral nodes","rpoB","Bacteria","Proteobacteria","Alphaproteobacteria","Rhizobiales","Bradyrhizobiaceae","Bosea","Bosea massiliensis"
"rpoB_OTU_421","rpoB_OTU_421",9,2767,0.103601766102031,"M14",0.677027603493498,0,"Peripheral nodes","rpoB","Bacteria","Proteobacteria","Alphaproteobacteria","Rhizobiales","Rhizobiaceae","Sinorhizobium","Sinorhizobium fredii"
"rpoB_OTU_447","rpoB_OTU_447",2,0,0.15731774112933,"M7",-0.956464076383303,0.375,"Peripheral nodes","rpoB","Bacteria","Proteobacteria","Alphaproteobacteria","Rhizobiales","Brucellaceae","Brucella","Brucella abortus"
"rpoB_OTU_452","rpoB_OTU_452",2,297,0.123233476721777,"M7",-0.956464076383303,0.612244897959184,"Peripheral nodes","rpoB","Bacteria","Proteobacteria","Alphaproteobacteria","Rhizobiales","Phyllobacteriaceae","Nitratireductor","Nitratireductor aquibiodomus"
"AMF_OTU_101","AMF_OTU_101",5,145,0.074477627449875,"M3",-0.74857776055295,0.857142857142857,"Connectors","AMF","Fungi","Glomeromycota","Glomeromycetes","Glomerales","Glomeraceae","Glomus","MO_G18"
"AMF_OTU_102","AMF_OTU_102",3,299,0.0842042641344216,"M11",-0.849481455562146,0,"Peripheral nodes","AMF","Fungi","Glomeromycota","Glomeromycetes","Glomerales","Glomeraceae","Glomus","MO_G23"
"AMF_OTU_103","AMF_OTU_103",7,2617,0.074249154240732,"M16",1.11803398874989,0.775510204081633,"Connectors","AMF","Fungi","Glomeromycota","Glomeromycetes","","","",""
"AMF_OTU_104","AMF_OTU_104",3,546,0.0842463465797129,"M11",-0.849481455562146,0,"Peripheral nodes","AMF","Fungi","Glomeromycota","Glomeromycetes","Glomerales","Glomeraceae","Glomus","MO_G23"
"AMF_OTU_105","AMF_OTU_105",5,848,0.0729295464818841,"M16",0,0.6875,"Connectors","AMF","Fungi","Glomeromycota","Glomeromycetes","Paraglomerales","Paraglomeraceae","Paraglomus","Alguacil12a_Para_1"
"AMF_OTU_106","AMF_OTU_106",4,0,0.0711227673377133,"M1",-0.430103974842683,0.5,"Peripheral nodes","AMF","Fungi","Glomeromycota","Glomeromycetes","Glomerales","Glomeraceae","Glomus","Glo16"
"AMF_OTU_107","AMF_OTU_107",6,635,0.0701237782088046,"M1",0.831534351362521,0.814814814814815,"Connectors","AMF","Fungi","Glomeromycota","Glomeromycetes","Diversisporales","Diversisporaceae","Diversispora","MO_GC2"
"AMF_OTU_10","AMF_OTU_10",8,4324,1.29146493725699,"M3",0.655005540483832,0.775510204081633,"Connectors","AMF","Fungi","Glomeromycota","Glomeromycetes","","","",""
"AMF_OTU_108","AMF_OTU_108",3,0,0.066119393853277,"M13",-1.23973618677841,0.612244897959184,"Peripheral nodes","AMF","Fungi","Glomeromycota","Glomeromycetes","Glomerales","Glomeraceae","Glomus","Glo16"
"AMF_OTU_109","AMF_OTU_109",7,1250,0.0701142397313983,"M20",1.75542636961236,0.722222222222222,"Connectors","AMF","Fungi","Glomeromycota","Glomeromycetes","","","",""
"AMF_OTU_110","AMF_OTU_110",4,0,0.059421179455987,"M8",-0.336408443465046,0.8125,"Connectors","AMF","Fungi","Glomeromycota","Glomeromycetes","Glomerales","Glomeraceae","Glomus",""
"AMF_OTU_111","AMF_OTU_111",7,1293,0.0594686016575902,"M13",1.65298158237122,0.72,"Connectors","AMF","Fungi","Glomeromycota","Glomeromycetes","","","",""
"AMF_OTU_112","AMF_OTU_112",6,0,0.0874112718284945,"M2",0.988663009045319,0.65625,"Connectors","AMF","Fungi","Glomeromycota","Glomeromycetes","Paraglomerales","Paraglomeraceae","Paraglomus",""
"AMF_OTU_113","AMF_OTU_113",4,373,0.0630524609498747,"M1",-0.430103974842683,0,"Peripheral nodes","AMF","Fungi","Glomeromycota","Glomeromycetes","Glomerales","Glomeraceae","Glomus",""
"AMF_OTU_11","AMF_OTU_11",3,0,0.954942873996452,"M9",-1.08921300787579,0.375,"Peripheral nodes","AMF","Fungi","Glomeromycota","Glomeromycetes","Paraglomerales","Paraglomeraceae","Paraglomus","Pa_1"
"AMF_OTU_114","AMF_OTU_114",7,1219,0.0727567793096353,"M21",0.625046123759334,0.56,"Peripheral nodes","AMF","Fungi","Glomeromycota","Glomeromycetes","","","",""
"AMF_OTU_116","AMF_OTU_116",5,303,0.0716826713469705,"M11",0.308902347477144,0,"Peripheral nodes","AMF","Fungi","Glomeromycota","Glomeromycetes","Glomerales","Glomeraceae","Glomus","Glo16"
"AMF_OTU_117","AMF_OTU_117",6,1231,0.0775417169707528,"M2",0.988663009045319,0.693877551020408,"Connectors","AMF","Fungi","Glomeromycota","Glomeromycetes","","","",""
"AMF_OTU_119","AMF_OTU_119",4,99,0.0594027739229723,"M17",-0.210818510677892,0.56,"Peripheral nodes","AMF","Fungi","Glomeromycota","Glomeromycetes","","","",""
"AMF_OTU_120","AMF_OTU_120",3,2,0.056985196821033,"M7",-0.354245954216038,0.5,"Peripheral nodes","AMF","Fungi","Glomeromycota","Glomeromycetes","","","",""
"AMF_OTU_121","AMF_OTU_121",3,0,0.0586316858071213,"M12",-1.06414481213069,0.444444444444444,"Peripheral nodes","AMF","Fungi","Glomeromycota","Glomeromycetes","","","",""
"AMF_OTU_12","AMF_OTU_12",3,264,0.885429865043048,"M1",-1.06092313794529,0.666666666666667,"Connectors","AMF","Fungi","Glomeromycota","Glomeromycetes","Glomerales","Glomeraceae","Glomus","MO_G7"
"AMF_OTU_124","AMF_OTU_124",7,3406,0.0641477639319532,"M11",1.46728615051643,0.6,"Peripheral nodes","AMF","Fungi","Glomeromycota","Glomeromycetes","Glomerales","Glomeraceae","Glomus","viscosum"
"AMF_OTU_125","AMF_OTU_125",4,33,0.0606931593879502,"M20",-0.585142123204121,0.73469387755102,"Connectors","AMF","Fungi","Glomeromycota","Glomeromycetes","Glomerales","Glomeraceae","Glomus","Yamato08_A1"
"AMF_OTU_127","AMF_OTU_127",5,871,0.0629891821942606,"M11",0.308902347477144,0.75,"Connectors","AMF","Fungi","Glomeromycota","Glomeromycetes","Glomerales","Glomeraceae","Glomus","MO_G22"
"AMF_OTU_128","AMF_OTU_128",4,0,0.0612772003043468,"M2",-0.370748628391995,0.722222222222222,"Connectors","AMF","Fungi","Glomeromycota","Glomeromycetes","","","",""
"AMF_OTU_130","AMF_OTU_130",5,1,0.0557628379788195,"M1",0.200715188259919,0.625,"Connectors","AMF","Fungi","Glomeromycota","Glomeromycetes","","","",""
"AMF_OTU_13","AMF_OTU_13",5,1919,0.854673316427627,"M9",0.630597004559667,0.277777777777778,"Peripheral nodes","AMF","Fungi","Glomeromycota","Glomeromycetes","Diversisporales","Diversisporaceae","Diversispora","MO_GC1"
"AMF_OTU_131","AMF_OTU_131",4,2,0.0624440248571345,"M2",-0.370748628391995,0.693877551020408,"Connectors","AMF","Fungi","Glomeromycota","Glomeromycetes","","","",""
"AMF_OTU_133","AMF_OTU_133",2,0,0.0613503101893181,"M2",-1.73016026582931,0.816326530612245,"Connectors","AMF","Fungi","Glomeromycota","Glomeromycetes","Glomerales","Glomeraceae","Glomus",""
"AMF_OTU_134","AMF_OTU_134",6,601,0.0455627725922968,"M9",1.49050201077739,0.75,"Connectors","AMF","Fungi","Glomeromycota","Glomeromycetes","Glomerales","","",""
"AMF_OTU_135","AMF_OTU_135",5,858,0.0526130497009308,"M21",-0.284111874436061,0,"Peripheral nodes","AMF","Fungi","Glomeromycota","Glomeromycetes","Glomerales","Glomeraceae","Glomus","Glo16"
"AMF_OTU_136","AMF_OTU_136",3,0,0.0473203496754839,"M8",-0.934467898514018,0.666666666666667,"Connectors","AMF","Fungi","Glomeromycota","Glomeromycetes","Glomerales","Glomeraceae","Glomus",""
"AMF_OTU_137","AMF_OTU_137",6,224,0.0445314912881397,"M13",0.92980214008381,0.74,"Connectors","AMF","Fungi","Glomeromycota","Glomeromycetes","","","",""
"AMF_OTU_138","AMF_OTU_138",6,260,0.0474871317863314,"M17",0.843274042711568,0.244897959183674,"Peripheral nodes","AMF","Fungi","Glomeromycota","Glomeromycetes","Glomerales","Glomeraceae","Glomus","viscosum"
"AMF_OTU_139","AMF_OTU_139",7,1591,0.0524281340622617,"M10",0.399366587092706,0.666666666666667,"Connectors","AMF","Fungi","Glomeromycota","Glomeromycetes","Glomerales","Glomeraceae","Glomus","Glo7"
"AMF_OTU_140","AMF_OTU_140",2,0,0.0444438279221576,"M15",-1.40643882747832,0.816326530612245,"Connectors","AMF","Fungi","Glomeromycota","Glomeromycetes","Glomerales","Glomeraceae","Glomus","MO_G13"
"AMF_OTU_14","AMF_OTU_14",6,272,0.813347037308028,"M1",0.831534351362521,0.625,"Connectors","AMF","Fungi","Glomeromycota","Glomeromycetes","","","",""
"AMF_OTU_141","AMF_OTU_141",8,43,0.0448943933225259,"M1",2.09317267756773,0,"Peripheral nodes","AMF","Fungi","Glomeromycota","Glomeromycetes","Glomerales","Glomeraceae","Glomus",""
"AMF_OTU_142","AMF_OTU_142",2,300,0.0527977677196801,"M18",-1.4253932901996,0.5,"Peripheral nodes","AMF","Fungi","Glomeromycota","Glomeromycetes","","","",""
"AMF_OTU_143","AMF_OTU_143",4,298,0.0538756801300542,"M2",-0.370748628391995,0.6875,"Connectors","AMF","Fungi","Glomeromycota","Glomeromycetes","Glomerales","Glomeraceae","Glomus",""
"AMF_OTU_144","AMF_OTU_144",4,596,0.04235059102922,"M8",-0.336408443465046,0.444444444444444,"Peripheral nodes","AMF","Fungi","Glomeromycota","Glomeromycetes","","","",""
"AMF_OTU_145","AMF_OTU_145",4,0,0.0396346691051161,"M13",-0.516556744491006,0.5,"Peripheral nodes","AMF","Fungi","Glomeromycota","Glomeromycetes","Glomerales","Glomeraceae","Glomus","Glo16"
"AMF_OTU_146","AMF_OTU_146",2,0,0.044907074004835,"M1",-1.69174230104789,0.666666666666667,"Connectors","AMF","Fungi","Glomeromycota","Glomeromycetes","Glomerales","Glomeraceae","Glomus",""
"AMF_OTU_147","AMF_OTU_147",3,0,0.043414804429448,"M12",-1.06414481213069,0.518518518518519,"Peripheral nodes","AMF","Fungi","Glomeromycota","Glomeromycetes","","","",""
"AMF_OTU_148","AMF_OTU_148",3,994,0.042429136144774,"M13",-1.23973618677841,0.722222222222222,"Connectors","AMF","Fungi","Glomeromycota","Glomeromycetes","Glomerales","Glomeraceae","Glomus","MO_G8"
"AMF_OTU_149","AMF_OTU_149",5,569,0.0478472913958284,"M2",0.308957190326662,0,"Peripheral nodes","AMF","Fungi","Glomeromycota","Glomeromycetes","Paraglomerales","Paraglomeraceae","Paraglomus",""
"AMF_OTU_150","AMF_OTU_150",3,0,0.042455346285522,"M1",-1.06092313794529,0.56,"Peripheral nodes","AMF","Fungi","Glomeromycota","Glomeromycetes","Glomerales","Glomeraceae","Glomus",""
"AMF_OTU_152","AMF_OTU_152",6,474,0.0429564274827059,"M7",1.45240841228576,0.625,"Connectors","AMF","Fungi","Glomeromycota","Glomeromycetes","","","",""
"AMF_OTU_153","AMF_OTU_153",4,25,0.0456163242737148,"M3",-1.21643886089854,0.8125,"Connectors","AMF","Fungi","Glomeromycota","Glomeromycetes","","","",""
"AMF_OTU_154","AMF_OTU_154",4,0,0.0371372323380775,"M9",-0.229308001658061,0.6875,"Connectors","AMF","Fungi","Glomeromycota","Glomeromycetes","Glomerales","Glomeraceae","Glomus","viscosum"
"AMF_OTU_155","AMF_OTU_155",5,1023,0.0478900036766952,"M2",0.308957190326662,0,"Peripheral nodes","AMF","Fungi","Glomeromycota","Glomeromycetes","","","",""
"AMF_OTU_15","AMF_OTU_15",6,2244,0.780788605800394,"M9",1.49050201077739,0.625,"Connectors","AMF","Fungi","Glomeromycota","Glomeromycetes","Diversisporales","Diversisporaceae","Diversispora",""
"AMF_OTU_156","AMF_OTU_156",4,17,0.040444516126554,"M17",-0.210818510677892,0.64,"Connectors","AMF","Fungi","Glomeromycota","Glomeromycetes","Glomerales","Glomeraceae","Glomus","Glo_F"
"AMF_OTU_157","AMF_OTU_157",4,245,0.03983680922247,"M1",-0.430103974842683,0,"Peripheral nodes","AMF","Fungi","Glomeromycota","Glomeromycetes","Glomerales","Glomeraceae","Glomus","Yamato09_C1"
"AMF_OTU_158","AMF_OTU_158",5,0,0.0355282658842677,"M1",0.200715188259919,0.73469387755102,"Connectors","AMF","Fungi","Glomeromycota","Glomeromycetes","","","",""
"AMF_OTU_159","AMF_OTU_159",10,353,0.0443916611274919,"M3",1.59072774117502,0.5625,"Peripheral nodes","AMF","Fungi","Glomeromycota","Glomeromycetes","Glomerales","Glomeraceae","Glomus","Glo7"
"AMF_OTU_16","AMF_OTU_16",5,37,0.780429608078932,"M5",-0.119172866445802,0,"Peripheral nodes","AMF","Fungi","Glomeromycota","Glomeromycetes","Glomerales","Glomeraceae","Glomus",""
"AMF_OTU_161","AMF_OTU_161",5,312,0.0435209948809829,"M2",0.308957190326662,0.444444444444444,"Peripheral nodes","AMF","Fungi","Glomeromycota","Glomeromycetes","","","",""
"AMF_OTU_162","AMF_OTU_162",8,4320,0.0373318016168917,"M17",1.89736659610103,0.444444444444444,"Peripheral nodes","AMF","Fungi","Glomeromycota","Glomeromycetes","Glomerales","Glomeraceae","Glomus","viscosum"
"AMF_OTU_165","AMF_OTU_165",6,791,0.0364088101997895,"M1",0.831534351362521,0.375,"Peripheral nodes","AMF","Fungi","Glomeromycota","Glomeromycetes","","","",""
"AMF_OTU_166","AMF_OTU_166",3,1,0.0355556177372483,"M20",-1.36533162080961,0.5,"Peripheral nodes","AMF","Fungi","Glomeromycota","Glomeromycetes","","","",""
"AMF_OTU_167","AMF_OTU_167",4,0,0.0315606652155612,"M13",-0.516556744491006,0.765432098765432,"Connectors","AMF","Fungi","Glomeromycota","Glomeromycetes","Glomerales","Glomeraceae","Glomus","Glo16"
"AMF_OTU_169","AMF_OTU_169",4,0,0.0394448138092326,"M2",-0.370748628391995,0.5,"Peripheral nodes","AMF","Fungi","Glomeromycota","Glomeromycetes","Glomerales","Glomeraceae","Glomus",""
"AMF_OTU_170","AMF_OTU_170",3,293,0.0411235003382644,"M2",-1.05045444711065,0.375,"Peripheral nodes","AMF","Fungi","Glomeromycota","Glomeromycetes","","","",""
"AMF_OTU_171","AMF_OTU_171",4,858,0.0342532716795447,"M20",-0.585142123204121,0.444444444444444,"Peripheral nodes","AMF","Fungi","Glomeromycota","Glomeromycetes","Glomerales","Glomeraceae","Glomus","Yamato08_A1"
"AMF_OTU_172","AMF_OTU_172",5,0,0.0379701860180785,"M2",0.308957190326662,0.777777777777778,"Connectors","AMF","Fungi","Glomeromycota","Glomeromycetes","","","",""
"AMF_OTU_173","AMF_OTU_173",4,340,0.0360087526523777,"M2",-0.370748628391995,0.8,"Connectors","AMF","Fungi","Glomeromycota","Glomeromycetes","","","",""
"AMF_OTU_175","AMF_OTU_175",2,300,0.0289934542122304,"M17",-1.26491106406735,0,"Peripheral nodes","AMF","Fungi","Glomeromycota","Glomeromycetes","Glomerales","Glomeraceae","Glomus","viscosum"
"AMF_OTU_176","AMF_OTU_176",2,0,0.0375324009759805,"M18",-1.4253932901996,0.625,"Connectors","AMF","Fungi","Glomeromycota","Glomeromycetes","","","",""
"AMF_OTU_177","AMF_OTU_177",4,0,0.0291683359710095,"M1",-0.430103974842683,0,"Peripheral nodes","AMF","Fungi","Glomeromycota","Glomeromycetes","","","",""
"AMF_OTU_17","AMF_OTU_17",6,297,0.708646713199948,"M19",-0.418330013267038,0.839506172839506,"Connectors","AMF","Fungi","Glomeromycota","Glomeromycetes","Glomerales","Glomeraceae","Glomus","viscosum"
"AMF_OTU_178","AMF_OTU_178",5,0,0.0285732960059963,"M9",0.630597004559667,0.375,"Peripheral nodes","AMF","Fungi","Glomeromycota","Glomeromycetes","Diversisporales","Diversisporaceae","Diversispora","sp"
"AMF_OTU_179","AMF_OTU_179",3,292,0.0300340788205407,"M12",-1.06414481213069,0.666666666666667,"Connectors","AMF","Fungi","Glomeromycota","Glomeromycetes","Glomerales","Glomeraceae","Glomus",""
"AMF_OTU_180","AMF_OTU_180",6,2475,0.0334476971762984,"M12",1.17055929334376,0,"Peripheral nodes","AMF","Fungi","Glomeromycota","Glomeromycetes","","","",""
"AMF_OTU_18","AMF_OTU_18",6,718,0.625696266883102,"M8",0.859710466632896,0.375,"Peripheral nodes","AMF","Fungi","Glomeromycota","Glomeromycetes","Glomerales","Glomeraceae","Glomus",""
"AMF_OTU_181","AMF_OTU_181",2,0,0.0302490216214234,"M3",-2.15216106158973,0.775510204081633,"Connectors","AMF","Fungi","Glomeromycota","Glomeromycetes","Paraglomerales","Paraglomeraceae","Paraglomus","sp"
"AMF_OTU_182","AMF_OTU_182",3,506,0.0332261288752983,"M2",-1.05045444711065,0.56,"Peripheral nodes","AMF","Fungi","Glomeromycota","Glomeromycetes","","","",""
"AMF_OTU_183","AMF_OTU_183",9,2034,0.0338423126533148,"M3",1.12286664082943,0.73469387755102,"Connectors","AMF","Fungi","Glomeromycota","Glomeromycetes","Glomerales","Glomeraceae","Glomus","Glo7"
"AMF_OTU_184","AMF_OTU_184",6,450,0.0293378378655758,"M3",-0.280716660207356,0,"Peripheral nodes","AMF","Fungi","Glomeromycota","Glomeromycetes","Glomerales","Glomeraceae","Glomus","Wirsel_OTU14"
"AMF_OTU_186","AMF_OTU_186",5,0,0.0342329541638058,"M18",0.178174161274949,0.375,"Peripheral nodes","AMF","Fungi","Glomeromycota","Glomeromycetes","Glomerales","Glomeraceae","Glomus",""
"AMF_OTU_188","AMF_OTU_188",2,1,0.026879453441268,"M5",-1.72800656346413,0.777777777777778,"Connectors","AMF","Fungi","Glomeromycota","Glomeromycetes","Diversisporales","Diversisporaceae","Diversispora",""
"AMF_OTU_189","AMF_OTU_189",4,0,0.0329328303073642,"M18",-0.356348322549899,0.72,"Connectors","AMF","Fungi","Glomeromycota","Glomeromycetes","Glomerales","Glomeraceae","Glomus",""
"AMF_OTU_190","AMF_OTU_190",5,0,0.0333154682090827,"M2",0.308957190326662,0.864197530864198,"Connectors","AMF","Fungi","Glomeromycota","Glomeromycetes","","","",""
"AMF_OTU_192","AMF_OTU_192",5,321,0.0253081976621336,"M13",0.206622697796402,0.8125,"Connectors","AMF","Fungi","Glomeromycota","Glomeromycetes","","","",""
"AMF_OTU_1","AMF_OTU_1",5,543,4.41345760891062,"M20",0.195047374401374,0.444444444444444,"Peripheral nodes","AMF","Fungi","Glomeromycota","Glomeromycetes","","","",""
"AMF_OTU_194","AMF_OTU_194",4,172,0.0236306608360504,"M9",-0.229308001658061,0,"Peripheral nodes","AMF","Fungi","Glomeromycota","Glomeromycetes","","","",""
"AMF_OTU_19","AMF_OTU_19",5,23,0.635596890308721,"M12",0.425657924852277,0.5,"Peripheral nodes","AMF","Fungi","Glomeromycota","Glomeromycetes","Paraglomerales","Paraglomeraceae","Paraglomus","MO_P1"
"AMF_OTU_195","AMF_OTU_195",3,0,0.0226536009173979,"M8",-0.934467898514018,0,"Peripheral nodes","AMF","Fungi","Glomeromycota","Glomeromycetes","Glomerales","Glomeraceae","Glomus",""
"AMF_OTU_196","AMF_OTU_196",4,139,0.0239643036239919,"M9",-0.229308001658061,0.277777777777778,"Peripheral nodes","AMF","Fungi","Glomeromycota","Glomeromycetes","Glomerales","Glomeraceae","Glomus","MO_G8"
"AMF_OTU_198","AMF_OTU_198",7,3048,0.0277050096160179,"M3",0.187144440138238,0.816326530612245,"Connectors","AMF","Fungi","Glomeromycota","Glomeromycetes","Glomerales","Glomeraceae","Glomus","Yamato09_C1"
"AMF_OTU_199","AMF_OTU_199",2,0,0.0284467994317123,"M2",-1.73016026582931,0.5,"Peripheral nodes","AMF","Fungi","Glomeromycota","Glomeromycetes","","","",""
"AMF_OTU_20","AMF_OTU_20",5,0,0.620962913619914,"M3",-0.74857776055295,0.5,"Peripheral nodes","AMF","Fungi","Glomeromycota","Glomeromycetes","Paraglomerales","Paraglomeraceae","Paraglomus","sp"
"AMF_OTU_201","AMF_OTU_201",6,1676,0.0264408612515964,"M18",0.712696645099798,0.666666666666667,"Connectors","AMF","Fungi","Glomeromycota","Glomeromycetes","","","",""
"AMF_OTU_203","AMF_OTU_203",7,88,0.0249226919222683,"M15",0.651764334685076,0.375,"Peripheral nodes","AMF","Fungi","Glomeromycota","Glomeromycetes","Glomerales","Glomeraceae","Glomus","Yamato09_C1"
"AMF_OTU_204","AMF_OTU_204",5,329,0.0223202992875216,"M5",-0.119172866445802,0.73469387755102,"Connectors","AMF","Fungi","Glomeromycota","Glomeromycetes","Glomerales","Glomeraceae","Glomus","Wirsel_OTU14"
"AMF_OTU_206","AMF_OTU_206",5,61,0.0273286373031275,"M18",0.178174161274949,0,"Peripheral nodes","AMF","Fungi","Glomeromycota","Glomeromycetes","","","",""
"AMF_OTU_21","AMF_OTU_21",6,523,0.594663148118819,"M7",1.45240841228576,0.444444444444444,"Peripheral nodes","AMF","Fungi","Glomeromycota","Glomeromycetes","","","",""
"AMF_OTU_2","AMF_OTU_2",3,0,4.10304390224001,"M17",-0.737864787372622,0.375,"Peripheral nodes","AMF","Fungi","Glomeromycota","Glomeromycetes","","","",""
"AMF_OTU_22","AMF_OTU_22",6,600,0.582320786761163,"M16",0.559016994374947,0.82,"Connectors","AMF","Fungi","Glomeromycota","Glomeromycetes","Paraglomerales","Paraglomeraceae","Paraglomus","Alguacil12a_Para_1"
"AMF_OTU_23","AMF_OTU_23",6,138,0.542100144072568,"M2",0.988663009045319,0,"Peripheral nodes","AMF","Fungi","Glomeromycota","Glomeromycetes","Paraglomerales","Paraglomeraceae","Paraglomus","MO_P1"
"AMF_OTU_24","AMF_OTU_24",4,688,0.482422471099709,"M8",-0.336408443465046,0,"Peripheral nodes","AMF","Fungi","Glomeromycota","Glomeromycetes","Glomerales","Glomeraceae","Glomus",""
"AMF_OTU_25","AMF_OTU_25",4,1,0.438200110300807,"M7",0.247972167951227,0.653061224489796,"Connectors","AMF","Fungi","Glomeromycota","Glomeromycetes","","","",""
"AMF_OTU_26","AMF_OTU_26",5,815,0.444001199016566,"M12",0.425657924852277,0.75,"Connectors","AMF","Fungi","Glomeromycota","Glomeromycetes","Glomerales","","",""
"AMF_OTU_27","AMF_OTU_27",4,104,0.427657629960236,"M5",-0.655450765451911,0,"Peripheral nodes","AMF","Fungi","Glomeromycota","Glomeromycetes","Glomerales","Glomeraceae","Glomus","perpusillum"
"AMF_OTU_28","AMF_OTU_28",4,377,0.413964061074593,"M8",-0.336408443465046,0.625,"Connectors","AMF","Fungi","Glomeromycota","Glomeromycetes","Glomerales","Glomeraceae","Glomus","Wirsel_OTU16"
"AMF_OTU_29","AMF_OTU_29",4,16,0.454901994132025,"M7",0.247972167951227,0.72,"Connectors","AMF","Fungi","Glomeromycota","Glomeromycetes","","","",""
"AMF_OTU_30","AMF_OTU_30",6,19,0.419590701373967,"M20",0.975236872006867,0.666666666666667,"Connectors","AMF","Fungi","Glomeromycota","Glomeromycetes","Glomerales","Glomeraceae","Glomus","Yamato08_A1"
"AMF_OTU_31","AMF_OTU_31",5,0,0.371181073921527,"M15",-0.171516930180283,0,"Peripheral nodes","AMF","Fungi","Glomeromycota","Glomeromycetes","Glomerales","Glomeraceae","Glomus",""
"AMF_OTU_3","AMF_OTU_3",7,1634,2.44395346800378,"M3",0.187144440138238,0.429752066115702,"Peripheral nodes","AMF","Fungi","Glomeromycota","Glomeromycetes","Paraglomerales","Paraglomeraceae","Paraglomus","sp"
"AMF_OTU_32","AMF_OTU_32",5,0,0.365099578286591,"M19",-1.25499003980111,0.722222222222222,"Connectors","AMF","Fungi","Glomeromycota","Glomeromycetes","Glomerales","Glomeraceae","Glomus","viscosum"
"AMF_OTU_33","AMF_OTU_33",3,0,0.337727665871338,"M9",-1.08921300787579,0.56,"Peripheral nodes","AMF","Fungi","Glomeromycota","Glomeromycetes","Glomerales","Glomeraceae","Glomus",""
"AMF_OTU_34","AMF_OTU_34",1,0,0.29910933487635,"M8",-2.13058680861196,0.72,"Connectors","AMF","Fungi","Glomeromycota","Glomeromycetes","Glomerales","Glomeraceae","Glomus","Wirsel_OTU16"
"AMF_OTU_35","AMF_OTU_35",4,20,0.347010148296249,"M2",-0.370748628391995,0.56,"Peripheral nodes","AMF","Fungi","Glomeromycota","Glomeromycetes","","","",""
"AMF_OTU_36","AMF_OTU_36",3,0,0.277638608185859,"M9",-1.08921300787579,0,"Peripheral nodes","AMF","Fungi","Glomeromycota","Glomeromycetes","Diversisporales","Diversisporaceae","Diversispora",""
"AMF_OTU_37","AMF_OTU_37",2,0,0.28450479167063,"M1",-1.69174230104789,0.5,"Peripheral nodes","AMF","Fungi","Glomeromycota","Glomeromycetes","Glomerales","","",""
"AMF_OTU_38","AMF_OTU_38",5,743,0.263293723167548,"M8",0.261651011583925,0.375,"Peripheral nodes","AMF","Fungi","Glomeromycota","Glomeromycetes","Glomerales","Glomeraceae","Glomus","Wirsel_OTU16"
"AMF_OTU_39","AMF_OTU_39",5,755,0.24945448851051,"M13",0.206622697796402,0.8,"Connectors","AMF","Fungi","Glomeromycota","Glomeromycetes","","","",""
"AMF_OTU_40","AMF_OTU_40",3,299,0.235535762041003,"M5",-1.19172866445802,0.72,"Connectors","AMF","Fungi","Glomeromycota","Glomeromycetes","Diversisporales","Diversisporaceae","Diversispora","sp"
"AMF_OTU_41","AMF_OTU_41",4,1946,0.260191501136645,"M3",-1.21643886089854,0.625,"Connectors","AMF","Fungi","Glomeromycota","Glomeromycetes","","","",""
"AMF_OTU_4","AMF_OTU_4",1,0,2.19119516721033,"M7",-1.55868219855057,0,"Peripheral nodes","AMF","Fungi","Glomeromycota","Glomeromycetes","Glomerales","Glomeraceae","Glomus",""
"AMF_OTU_42","AMF_OTU_42",7,22,0.227773455915947,"M3",0.187144440138238,0.833333333333333,"Connectors","AMF","Fungi","Glomeromycota","Glomeromycetes","Glomerales","Glomeraceae","Glomus","viscosum"
"AMF_OTU_43","AMF_OTU_43",6,631,0.220055978187735,"M1",0.831534351362521,0,"Peripheral nodes","AMF","Fungi","Glomeromycota","Glomeromycetes","Glomerales","Glomeraceae","Glomus","Glo16"
"AMF_OTU_44","AMF_OTU_44",6,0,0.211589300943414,"M5",0.417105032560307,0.5,"Peripheral nodes","AMF","Fungi","Glomeromycota","Glomeromycetes","","","",""
"AMF_OTU_46","AMF_OTU_46",7,3381,0.207059740296384,"M1",1.46235351446512,0,"Peripheral nodes","AMF","Fungi","Glomeromycota","Glomeromycetes","Glomerales","Glomeraceae","Glomus","MO_G18"
"AMF_OTU_47","AMF_OTU_47",4,15,0.195151217366614,"M13",-0.516556744491006,0.56,"Peripheral nodes","AMF","Fungi","Glomeromycota","Glomeromycetes","Glomerales","Glomeraceae","Glomus","perpusillum"
"AMF_OTU_49","AMF_OTU_49",3,599,0.203836549086686,"M12",-1.06414481213069,0.56,"Peripheral nodes","AMF","Fungi","Glomeromycota","Glomeromycetes","","","",""
"AMF_OTU_50","AMF_OTU_50",3,0,0.19690879425136,"M1",-1.06092313794529,0.56,"Peripheral nodes","AMF","Fungi","Glomeromycota","Glomeromycetes","Glomerales","Glomeraceae","Glomus","Glo7"
"AMF_OTU_51","AMF_OTU_51",6,256,0.18616759981656,"M5",0.417105032560307,0.444444444444444,"Peripheral nodes","AMF","Fungi","Glomeromycota","Glomeromycetes","Glomerales","Glomeraceae","Glomus",""
"AMF_OTU_52","AMF_OTU_52",4,27,0.185425240882052,"M1",-0.430103974842683,0.375,"Peripheral nodes","AMF","Fungi","Glomeromycota","Glomeromycetes","","","",""
"AMF_OTU_53","AMF_OTU_53",7,334,0.173743799361272,"M15",0.651764334685076,0.375,"Peripheral nodes","AMF","Fungi","Glomeromycota","Glomeromycetes","Glomerales","Glomeraceae","Glomus",""
"AMF_OTU_54","AMF_OTU_54",3,0,0.2132662623633,"M11",-0.849481455562146,0.777777777777778,"Connectors","AMF","Fungi","Glomeromycota","Glomeromycetes","Glomerales","Glomeraceae","Glomus","MO_G23"
"AMF_OTU_5","AMF_OTU_5",3,8,2.17285846506472,"M2",-1.05045444711065,0.444444444444444,"Peripheral nodes","AMF","Fungi","Glomeromycota","Glomeromycetes","","","",""
"AMF_OTU_55","AMF_OTU_55",6,0,0.15232633068192,"M8",0.859710466632896,0.5,"Peripheral nodes","AMF","Fungi","Glomeromycota","Glomeromycetes","Glomerales","Glomeraceae","Glomus",""
"AMF_OTU_56","AMF_OTU_56",10,1046,0.151671598320908,"M15",1.88668623198311,0.48,"Peripheral nodes","AMF","Fungi","Glomeromycota","Glomeromycetes","Glomerales","Glomeraceae","Glomus","MO_G7"
"AMF_OTU_57","AMF_OTU_57",8,889,0.160920818835135,"M15",1.06340496711776,0.56,"Peripheral nodes","AMF","Fungi","Glomeromycota","Glomeromycetes","","","",""
"AMF_OTU_58","AMF_OTU_58",6,3621,0.15605820339241,"M5",0.417105032560307,0,"Peripheral nodes","AMF","Fungi","Glomeromycota","Glomeromycetes","","","",""
"AMF_OTU_59","AMF_OTU_59",5,300,0.137971906433736,"M15",-0.171516930180283,0,"Peripheral nodes","AMF","Fungi","Glomeromycota","Glomeromycetes","Diversisporales","Diversisporaceae","Diversispora","MO_GC1"
"AMF_OTU_60","AMF_OTU_60",3,0,0.142446288687451,"M9",-1.08921300787579,0.56,"Peripheral nodes","AMF","Fungi","Glomeromycota","Glomeromycetes","Paraglomerales","Paraglomeraceae","Paraglomus","sp"
"AMF_OTU_61","AMF_OTU_61",5,578,0.170641774655292,"M11",0.308902347477144,0.56,"Peripheral nodes","AMF","Fungi","Glomeromycota","Glomeromycetes","Glomerales","Glomeraceae","Glomus","MO_G22"
"AMF_OTU_62","AMF_OTU_62",5,4,0.158113080934824,"M20",0.195047374401374,0.375,"Peripheral nodes","AMF","Fungi","Glomeromycota","Glomeromycetes","","","",""
"AMF_OTU_63","AMF_OTU_63",3,0,0.1398745103742,"M9",-1.08921300787579,0.8,"Connectors","AMF","Fungi","Glomeromycota","Glomeromycetes","Glomerales","Glomeraceae","Glomus","viscosum"
"AMF_OTU_64","AMF_OTU_64",4,932,0.167963434938956,"M11",-0.270289554042501,0.444444444444444,"Peripheral nodes","AMF","Fungi","Glomeromycota","Glomeromycetes","Glomerales","Glomeraceae","Glomus","MO_G3"
"AMF_OTU_65","AMF_OTU_65",2,0,0.13693184624415,"M5",-1.72800656346413,0.611111111111111,"Peripheral nodes","AMF","Fungi","Glomeromycota","Glomeromycetes","Diversisporales","Diversisporaceae","Diversispora","sp"
"AMF_OTU_66","AMF_OTU_66",2,0,0.142066289845403,"M16",-1.67705098312484,0.833333333333333,"Connectors","AMF","Fungi","Glomeromycota","Glomeromycetes","Glomerales","Glomeraceae","Glomus",""
"AMF_OTU_67","AMF_OTU_67",3,0,0.143108295848212,"M21",-1.19326987263146,0.625,"Connectors","AMF","Fungi","Glomeromycota","Glomeromycetes","Glomerales","Glomeraceae","Glomus","Glo16"
"AMF_OTU_68","AMF_OTU_68",4,585,0.133194504018582,"M8",-0.336408443465046,0,"Peripheral nodes","AMF","Fungi","Glomeromycota","Glomeromycetes","Glomerales","Glomeraceae","Glomus",""
"AMF_OTU_6","AMF_OTU_6",6,241,1.7612609425796,"M19",-0.418330013267038,0.82,"Connectors","AMF","Fungi","Glomeromycota","Glomeromycetes","Glomerales","Glomeraceae","Glomus","viscosum"
"AMF_OTU_69","AMF_OTU_69",4,0,0.140768132202602,"M1",-0.430103974842683,0,"Peripheral nodes","AMF","Fungi","Glomeromycota","Glomeromycetes","","","",""
"AMF_OTU_70","AMF_OTU_70",8,1894,0.133421646119897,"M5",1.48966083057252,0.375,"Peripheral nodes","AMF","Fungi","Glomeromycota","Glomeromycetes","Glomerales","Glomeraceae","Glomus","Glo7"
"AMF_OTU_71","AMF_OTU_71",4,214,0.145809341023452,"M18",-0.356348322549899,0.5,"Peripheral nodes","AMF","Fungi","Glomeromycota","Glomeromycetes","","","",""
"AMF_OTU_7","AMF_OTU_7",4,0,1.3033469512295,"M8",-0.336408443465046,0.625,"Connectors","AMF","Fungi","Glomeromycota","Glomeromycetes","Glomerales","Glomeraceae","Glomus",""
"AMF_OTU_72","AMF_OTU_72",4,0,0.133321430013336,"M21",-0.738690873533758,0,"Peripheral nodes","AMF","Fungi","Glomeromycota","Glomeromycetes","Glomerales","Glomeraceae","Glomus","Glo16"
"AMF_OTU_73","AMF_OTU_73",6,62,0.128823713114203,"M5",0.417105032560307,0,"Peripheral nodes","AMF","Fungi","Glomeromycota","Glomeromycetes","Glomerales","Glomeraceae","Glomus",""
"AMF_OTU_74","AMF_OTU_74",5,403,0.119951492602955,"M8",0.261651011583925,0.722222222222222,"Connectors","AMF","Fungi","Glomeromycota","Glomeromycetes","","","",""
"AMF_OTU_75","AMF_OTU_75",6,4,0.124458949472302,"M5",0.417105032560307,0.72,"Connectors","AMF","Fungi","Glomeromycota","Glomeromycetes","","","",""
"AMF_OTU_76","AMF_OTU_76",5,889,0.122426225896785,"M9",0.630597004559667,0.444444444444444,"Peripheral nodes","AMF","Fungi","Glomeromycota","Glomeromycetes","Paraglomerales","Paraglomeraceae","Paraglomus","sp"
"AMF_OTU_77","AMF_OTU_77",5,2379,0.134406705532789,"M10",-0.931855369882981,0.56,"Peripheral nodes","AMF","Fungi","Glomeromycota","Glomeromycetes","Glomerales","Glomeraceae","Glomus","Glo7"
"AMF_OTU_78","AMF_OTU_78",3,0,0.114074350611012,"M15",-0.994798195045642,0,"Peripheral nodes","AMF","Fungi","Glomeromycota","Glomeromycetes","Glomerales","Glomeraceae","Glomus",""
"AMF_OTU_79","AMF_OTU_79",8,279,0.145442934014692,"M11",2.04647805203608,0.32,"Peripheral nodes","AMF","Fungi","Glomeromycota","Glomeromycetes","Glomerales","Glomeraceae","Glomus",""
"AMF_OTU_80","AMF_OTU_80",6,464,0.117198829814454,"M12",1.17055929334376,0.72,"Connectors","AMF","Fungi","Glomeromycota","Glomeromycetes","","","",""
"AMF_OTU_8","AMF_OTU_8",6,111,1.51929416190843,"M2",0.988663009045319,0.73469387755102,"Connectors","AMF","Fungi","Glomeromycota","Glomeromycetes","","","",""
"AMF_OTU_81","AMF_OTU_81",9,1891,0.120316523765313,"M3",1.12286664082943,0.5,"Peripheral nodes","AMF","Fungi","Glomeromycota","Glomeromycetes","","","",""
"AMF_OTU_82","AMF_OTU_82",6,10,0.139299132048578,"M11",0.888094248996789,0,"Peripheral nodes","AMF","Fungi","Glomeromycota","Glomeromycetes","Glomerales","Glomeraceae","Glomus","MO_G23"
"AMF_OTU_83","AMF_OTU_83",6,3870,0.124249554018726,"M3",-0.280716660207356,0.75,"Connectors","AMF","Fungi","Glomeromycota","Glomeromycetes","","","",""
"AMF_OTU_84","AMF_OTU_84",4,189,0.112067875764934,"M13",-0.516556744491006,0.612244897959184,"Peripheral nodes","AMF","Fungi","Glomeromycota","Glomeromycetes","Glomerales","Glomeraceae","Glomus","Glo16"
"AMF_OTU_85","AMF_OTU_85",4,325,0.104121725906299,"M15",-0.583157562612963,0.277777777777778,"Peripheral nodes","AMF","Fungi","Glomeromycota","Glomeromycetes","Glomerales","Glomeraceae","Glomus",""
"AMF_OTU_86","AMF_OTU_86",2,0,0.138356769128216,"M11",-1.42867335708179,0.444444444444444,"Peripheral nodes","AMF","Fungi","Glomeromycota","Glomeromycetes","Glomerales","Glomeraceae","Glomus",""
"AMF_OTU_87","AMF_OTU_87",3,329,0.11811902634743,"M21",-1.19326987263146,0.816326530612245,"Connectors","AMF","Fungi","Glomeromycota","Glomeromycetes","Glomerales","Glomeraceae","Glomus",""
"AMF_OTU_88","AMF_OTU_88",5,324,0.101602382799798,"M1",0.200715188259919,0.6,"Peripheral nodes","AMF","Fungi","Glomeromycota","Glomeromycetes","Glomerales","Glomeraceae","Glomus","MO_G7"
"AMF_OTU_89","AMF_OTU_89",4,423,0.104060835418753,"M7",0.247972167951227,0.375,"Peripheral nodes","AMF","Fungi","Glomeromycota","Glomeromycetes","","","",""
"AMF_OTU_90","AMF_OTU_90",7,777,0.125164608953437,"M18",1.24721912892465,0.32,"Peripheral nodes","AMF","Fungi","Glomeromycota","Glomeromycetes","","","",""
"AMF_OTU_91","AMF_OTU_91",4,0,0.0877799911876871,"M9",-0.229308001658061,0,"Peripheral nodes","AMF","Fungi","Glomeromycota","Glomeromycetes","Glomerales","Glomeraceae","Glomus",""
"AMF_OTU_92","AMF_OTU_92",2,0,0.0886255052221449,"M7",-0.956464076383303,0,"Peripheral nodes","AMF","Fungi","Glomeromycota","Glomeromycetes","Glomerales","","",""
"AMF_OTU_9","AMF_OTU_9",6,420,1.18585722156494,"M1",0.831534351362521,0,"Peripheral nodes","AMF","Fungi","Glomeromycota","Glomeromycetes","Glomerales","Glomeraceae","Glomus","MO_G18"
"AMF_OTU_93","AMF_OTU_93",2,0,0.108893693607772,"M11",-1.42867335708179,0.5,"Peripheral nodes","AMF","Fungi","Glomeromycota","Glomeromycetes","Glomerales","Glomeraceae","Glomus","MO_G23"
"AMF_OTU_94","AMF_OTU_94",2,0,0.0882388506896964,"M15",-1.40643882747832,0.64,"Connectors","AMF","Fungi","Glomeromycota","Glomeromycetes","Glomerales","Glomeraceae","Glomus","MO_G8"
"AMF_OTU_95","AMF_OTU_95",5,102,0.0930719137916033,"M12",0.425657924852277,0.72,"Connectors","AMF","Fungi","Glomeromycota","Glomeromycetes","Glomerales","Glomeraceae","Glomus",""
"AMF_OTU_96","AMF_OTU_96",4,0,0.105277971893354,"M11",-0.270289554042501,0,"Peripheral nodes","AMF","Fungi","Glomeromycota","Glomeromycetes","Glomerales","Glomeraceae","Glomus","MO_G23"
"AMF_OTU_97","AMF_OTU_97",7,609,0.0940980877105297,"M3",0.187144440138238,0.693877551020408,"Connectors","AMF","Fungi","Glomeromycota","Glomeromycetes","Glomerales","Glomeraceae","Glomus","Glo7"
"AMF_OTU_98","AMF_OTU_98",10,2622,0.0906731333365758,"M3",1.59072774117502,0.75,"Connectors","AMF","Fungi","Glomeromycota","Glomeromycetes","Glomerales","Glomeraceae","Glomus","MO_G13"
"AMF_OTU_99","AMF_OTU_99",5,259,0.091730575840791,"M11",0.308902347477144,0,"Peripheral nodes","AMF","Fungi","Glomeromycota","Glomeromycetes","Glomerales","Glomeraceae","Glomus",""
